City,Country,Date,Latitude,Longitude,Cloudiness (%),Humidity (%),Max Temp (F),Wind Speed (mph)
barrow,US,2021-10-06 10:06:01,71.2906,-156.7887,90,86,30.488000000000046,6.69
albany,US,2021-10-06 10:06:01,42.6001,-73.9662,19,92,65.58800000000005,0.45
bredasdorp,ZA,2021-10-06 10:06:02,-34.5322,20.0403,0,67,70.55600000000004,8.05
burica,,,,,,,,
atuona,PF,2021-10-06 10:06:02,-9.8,-139.0333,88,79,78.60199999999998,10.75
vaitupu,,,,,,,,
meyungs,,,,,,,,
mataura,NZ,2021-10-06 10:06:03,-46.1927,168.8643,47,99,50.75600000000003,0.58
busselton,AU,2021-10-06 10:06:03,-33.65,115.3333,94,71,45.35600000000003,3.11
warwick,US,2021-10-06 10:03:19,41.7001,-71.4162,20,71,68.54000000000002,2.06
karaul,,,,,,,,
jamestown,US,2021-10-06 10:06:05,42.097,-79.2353,90,82,70.28599999999997,2.68
dunedin,NZ,2021-10-06 10:06:05,-45.8742,170.5036,100,93,51.78200000000002,2.65
punta arenas,CL,2021-10-06 10:06:05,-53.15,-70.9167,0,54,52.17799999999997,9.26
ushuaia,AR,2021-10-06 10:01:42,-54.8,-68.3,86,72,45.85999999999998,2.33
praia,CV,2021-10-06 10:03:25,14.9215,-23.5087,75,65,83.20999999999998,8.75
paragominas,BR,2021-10-06 10:02:03,-2.9667,-47.4833,100,36,97.32200000000005,2.05
chilca,PE,2021-10-06 10:06:06,-12.5211,-76.7372,92,80,67.35199999999998,2.8
hamilton,US,2021-10-06 10:01:36,39.1834,-84.5333,100,86,73.38200000000002,0.45
iraquara,BR,2021-10-06 10:06:07,-12.2486,-41.6194,55,29,89.20399999999995,5.09
nikolskoye,RU,2021-10-06 10:06:07,59.7035,30.7861,71,61,58.13599999999997,5.98
barentsburg,,,,,,,,
baykit,RU,2021-10-06 10:05:43,61.67,96.37,100,89,32.48599999999997,3.92
gisborne,NZ,2021-10-06 09:56:24,-38.6533,178.0042,86,95,56.20999999999998,1.91
kendari,ID,2021-10-06 10:06:08,-3.945,122.4989,65,91,75.542,0.73
nyimba,ZM,2021-10-06 10:06:09,-14.5566,30.8149,6,16,93.65,4.81
butaritari,KI,2021-10-06 10:06:10,3.0707,172.7902,26,71,81.75199999999998,6.27
cidreira,BR,2021-10-06 10:06:10,-30.1811,-50.2056,59,67,70.32200000000003,1.07
hobart,AU,2021-10-06 10:05:32,-42.8794,147.3294,90,70,53.725999999999985,1.34
liminangcong,,,,,,,,
batouri,CM,2021-10-06 10:06:11,4.4333,14.3667,62,81,79.95199999999997,1.85
ribeira grande,PT,2021-10-06 10:06:11,38.5167,-28.7,40,88,75.86600000000001,6.17
rikitea,PF,2021-10-06 10:06:12,-23.1203,-134.9692,100,79,73.56199999999995,8.18
limbang,MY,2021-10-06 10:03:07,4.75,115,100,93,79.17799999999997,0.99
new norfolk,AU,2021-10-06 10:06:13,-42.7826,147.0587,100,69,53.366000000000014,0.45
mecca,SA,2021-10-06 10:03:56,21.4267,39.8261,18,32,93.74000000000002,4.89
mys shmidta,,,,,,,,
hilo,US,2021-10-06 10:06:13,19.7297,-155.09,75,91,73.076,2.57
vaini,TO,2021-10-06 10:06:14,-21.2,-175.2,75,94,73.83200000000002,2.57
westport,US,2021-10-06 09:59:52,41.1415,-73.3579,72,74,68.01799999999999,0.89
castro,BR,2021-10-06 10:01:16,-24.7911,-50.0119,84,57,78.16999999999996,1.66
port lincoln,AU,2021-10-06 10:00:40,-34.7333,135.8667,11,61,51.92599999999999,5.82
srednekolymsk,RU,2021-10-06 09:57:38,67.45,153.6833,74,85,16.088000000000044,3.02
dikson,RU,2021-10-06 10:06:15,73.5069,80.5464,100,99,33.8,3.66
samusu,,,,,,,,
saint george,US,2021-10-06 10:00:18,37.1041,-113.5841,90,75,62.81600000000001,1.79
vastervik,,,,,,,,
khatanga,RU,2021-10-06 10:06:16,71.9667,102.5,100,97,25.25,4.82
cape town,ZA,2021-10-06 09:56:31,-33.9258,18.4232,0,41,83.37200000000004,1.79
mersing,MY,2021-10-06 10:06:16,2.4312,103.8405,100,86,79.25,1.83
yellowknife,CA,2021-10-06 10:01:26,62.456,-114.3525,100,100,36.68000000000004,2.24
mezen,RU,2021-10-06 10:06:17,65.8522,44.24,100,71,48.811999999999955,4.9
aguimes,ES,2021-10-06 10:06:17,27.9054,-15.4461,20,58,76.28000000000004,10.8
sheltozero,RU,2021-10-06 10:06:18,61.3667,35.3667,28,70,51.908,6
cayenne,GF,2021-10-06 10:06:18,4.9333,-52.3333,75,75,87.368,1.34
ayagoz,KZ,2021-10-06 10:06:19,47.9714,80.4392,19,81,30.109999999999978,4.13
qaanaaq,GL,2021-10-06 10:06:19,77.484,-69.3632,1,70,20.82200000000004,3.49
rungata,,,,,,,,
east london,ZA,2021-10-06 10:06:20,-33.0153,27.9116,61,75,67.73000000000005,9.41
inzer,RU,2021-10-06 10:06:20,54.2167,57.5556,23,85,38.56999999999996,0.99
bluff,NZ,2021-10-06 10:06:21,-46.6,168.3333,18,93,51.08000000000004,0.93
havelock,US,2021-10-06 10:06:22,34.8791,-76.9013,100,82,81.10399999999996,2.68
bigaan,PH,2021-10-06 10:06:22,8.3172,126.2811,98,90,76.71199999999996,0.75
vestmannaeyjar,IS,2021-10-06 10:06:23,63.4427,-20.2734,20,75,44.05999999999998,13.38
arraial do cabo,BR,2021-10-06 10:01:31,-22.9661,-42.0278,99,76,70.66400000000004,5.33
baculin,PH,2021-10-06 10:06:24,7.4525,126.5842,96,82,79.55600000000004,1.23
lagoa,PT,2021-10-06 09:56:29,39.05,-27.9833,8,91,71.38399999999999,8.28
sandwick,GB,2021-10-06 10:06:24,60,-1.25,40,76,51.89000000000002,3.6
praya,CV,2021-10-06 10:03:27,14.9215,-23.5087,75,65,83.20999999999998,8.75
mao,ES,2021-10-06 10:01:40,39.8885,4.2658,20,60,68.82799999999997,7.72
tikrit,IQ,2021-10-06 10:06:25,34.6071,43.6782,0,17,84.41600000000001,4.43
marzuq,YE,2021-10-06 10:06:25,14.4,46.4667,27,21,88.30399999999995,3.79
chom bung,,,,,,,,
avarua,CK,2021-10-06 10:02:44,-21.2078,-159.775,8,78,73.72400000000002,2.57
port alfred,ZA,2021-10-06 10:06:26,-33.5906,26.891,56,77,67.51400000000004,10.61
carnarvon,AU,2021-10-06 10:06:27,-24.8667,113.6333,0,72,64.74199999999999,9.77
san carlos de bariloche,AR,2021-10-06 10:06:27,-41.1456,-71.3082,0,21,44.61799999999998,2.57
norman wells,CA,2021-10-06 10:06:27,65.282,-126.8329,75,93,26.906000000000027,1.03
mineral wells,US,2021-10-06 10:05:37,32.8085,-98.1128,1,59,74.91199999999995,0
saskylakh,RU,2021-10-06 10:06:28,71.9167,114.0833,100,97,25.51999999999996,4.45
sholapur,IN,2021-10-06 10:06:28,17.6833,75.9167,44,75,80.65399999999995,4.36
saldanha,ZA,2021-10-06 10:04:40,-33.0117,17.9442,8,58,67.92799999999997,5.79
uspenskoye,RU,2021-10-06 10:06:29,44.8311,41.3927,100,83,46.20199999999998,10.02
saint-joseph,RE,2021-10-06 10:06:29,-21.3667,55.6167,30,82,74.04800000000003,2.31
taolanaro,,,,,,,,
belushya guba,,,,,,,,
the valley,AI,2021-10-06 09:56:30,18.217,-63.0578,40,66,87.92599999999999,6.17
airai,TL,2021-10-06 10:06:30,-8.9266,125.4092,72,90,61.37599999999999,0.94
palmer,US,2021-10-06 10:06:31,42.1584,-72.3287,40,66,67.26199999999996,0.45
bambous virieux,MU,2021-10-06 10:06:31,-20.3428,57.7575,100,81,71.49199999999999,0.82
mar del plata,AR,2021-10-06 10:06:31,-38.0023,-57.5575,40,65,53.88800000000005,4.92
constitucion,CL,2021-10-06 10:06:32,-35.3333,-72.4167,0,44,60.458000000000006,2.99
tadine,NC,2021-10-06 10:06:32,-21.55,167.8833,0,79,70.808,5.81
eureka,US,2021-10-06 10:06:33,40.8021,-124.1637,72,98,48.938000000000045,2.78
waingapu,ID,2021-10-06 09:58:11,-9.6567,120.2641,98,75,77.77400000000002,1.58
katsuura,JP,2021-10-06 09:57:23,35.1333,140.3,99,79,71.45600000000003,5.74
taguatinga,BR,2021-10-06 10:06:33,-12.3857,-46.5711,8,13,105.35000000000001,2.01
lerwick,GB,2021-10-06 10:00:31,60.1545,-1.1494,11,69,52.069999999999965,4.1
kansas city,US,2021-10-06 09:55:52,39.0997,-94.5786,90,87,65.44399999999997,1.34
ilulissat,GL,2021-10-06 09:56:39,69.2167,-51.1,100,69,28.814000000000032,2.47
avera,US,2021-10-06 10:06:34,33.194,-82.5271,89,92,77.95399999999995,3.6
lompoc,US,2021-10-06 10:06:35,34.6391,-120.4579,90,90,60.74600000000005,0
nuuk,GL,2021-10-06 10:02:09,64.1835,-51.7216,75,75,37.148000000000025,3.6
gubkinskiy,RU,2021-10-06 10:06:36,64.434,76.5026,71,77,43.32200000000004,9.76
zhigansk,RU,2021-10-06 10:06:36,66.7697,123.3711,100,67,31.891999999999996,7.28
ahipara,NZ,2021-10-06 10:06:37,-35.1667,173.1667,100,93,59.97200000000004,3.01
ponta delgada,PT,2021-10-06 10:06:37,37.7333,-25.6667,75,88,76.19000000000003,5.14
fairbanks,US,2021-10-06 10:06:37,64.8378,-147.7164,90,91,29.875999999999987,4.12
sao joao da barra,BR,2021-10-06 10:06:38,-21.6403,-41.0511,100,81,75.55999999999997,3.82
sakakah,SA,2021-10-06 10:06:38,29.9697,40.2064,0,16,89.07799999999997,3.13
kaitangata,NZ,2021-10-06 10:06:38,-46.2817,169.8464,95,96,48.83000000000004,1.14
acapulco,MX,2021-10-06 10:06:39,16.8634,-99.8901,40,69,82.49000000000002,2.57
alice springs,AU,2021-10-06 10:05:49,-23.7,133.8833,40,52,67.81999999999996,6.69
maningrida,AU,2021-10-06 10:01:09,-12.0667,134.2667,74,79,78.99800000000002,2.17
tura,IN,2021-10-06 10:06:40,25.5198,90.2201,3,90,74.48000000000005,1.14
paraiso,CR,2021-10-06 10:06:40,9.8383,-83.8656,76,71,78.22400000000002,1.82
puerto escondido,MX,2021-10-06 10:01:53,15.85,-97.0667,33,64,85.28000000000004,1.47
bohicon,BJ,2021-10-06 10:06:41,7.1783,2.0667,97,73,84.14600000000004,3.54
ladario,BR,2021-10-06 10:02:39,-19.0047,-57.6017,70,27,101.35399999999996,2.41
lavrentiya,RU,2021-10-06 09:57:33,65.5833,-171,100,99,36.51799999999999,3.42
villazon,BO,2021-10-06 10:06:41,-22.0866,-65.5942,99,9,65.44399999999997,2.02
mount gambier,AU,2021-10-06 09:57:59,-37.8333,140.7667,75,87,46.58000000000004,4.63
tir pol,,,,,,,,
methoni,GR,2021-10-06 10:06:42,36.8197,21.7049,6,64,77.12599999999999,4.42
berlevag,NO,2021-10-06 10:06:42,70.8578,29.0864,49,78,48.272000000000034,7.98
peru,US,2021-10-06 10:06:43,40.7537,-86.0689,99,92,68.05399999999995,5.55
talnakh,RU,2021-10-06 10:06:43,69.4865,88.3972,100,100,36.464000000000034,2.81
butembo,CD,2021-10-06 09:58:07,0.15,29.2833,68,96,64.92200000000004,1.04
mangochi,MW,2021-10-06 10:06:43,-14.4782,35.2645,75,31,89.31199999999995,3.69
torbay,CA,2021-10-06 09:58:53,47.6666,-52.7314,75,66,61.556000000000026,8.23
hermanus,ZA,2021-10-06 10:06:44,-34.4187,19.2345,0,59,81.17599999999999,8.45
tsihombe,,,,,,,,
puerto ayora,EC,2021-10-06 10:06:45,-0.7393,-90.3518,95,90,70.826,3.58
luderitz,NA,2021-10-06 10:06:45,-26.6481,15.1594,0,54,66.68599999999998,2.91
tuktoyaktuk,CA,2021-10-06 10:06:45,69.4541,-133.0374,98,84,27.751999999999974,6.27
tomatlan,MX,2021-10-06 10:06:46,19.9333,-105.25,100,74,80.924,1.02
ascension,US,2021-10-06 10:06:47,30.2169,-90.9001,1,80,80.27599999999998,0
tuatapere,NZ,2021-10-06 10:06:47,-46.1333,167.6833,30,95,51.09800000000003,2.01
kazalinsk,,,,,,,,
tasiilaq,GL,2021-10-06 09:58:53,65.6145,-37.6368,0,64,29.948000000000025,2.35
souillac,MU,2021-10-06 10:06:48,-20.5167,57.5167,65,77,71.63599999999997,1.01
bethel,US,2021-10-06 10:06:49,41.3712,-73.414,90,79,66.74000000000002,0
lebu,CL,2021-10-06 10:06:49,-37.6167,-73.65,0,45,55.940000000000026,5.66
ossora,RU,2021-10-06 10:06:49,59.2353,163.0719,100,65,35.096000000000046,2.71
chuy,UY,2021-10-06 10:06:50,-33.6971,-53.4616,3,53,67.00999999999999,3.33
makurdi,NG,2021-10-06 10:06:51,7.7411,8.5121,86,60,89.27599999999998,1.46
san francisco,US,2021-10-06 09:59:22,37.7749,-122.4194,100,89,60.22400000000002,0.45
coshocton,US,2021-10-06 10:06:51,40.272,-81.8596,96,86,73.976,2.35
karratha,AU,2021-10-06 09:57:58,-20.7377,116.8463,1,59,75.34399999999997,3.13
cascais,PT,2021-10-06 10:06:52,38.6979,-9.4215,0,51,87.78200000000001,1.34
broken hill,AU,2021-10-06 10:06:52,-31.95,141.4333,100,40,65.42599999999999,8.74
callaway,US,2021-10-06 10:06:53,30.153,-85.5699,75,95,75.39800000000002,0.89
ankazoabo,MG,2021-10-06 10:06:53,-22.2833,44.5167,26,25,82.16600000000001,6.72
cabo san lucas,MX,2021-10-06 10:00:01,22.8909,-109.9124,0,58,87.78200000000001,1.72
hithadhoo,MV,2021-10-06 10:06:54,-0.6,73.0833,94,74,84.2,6.38
umzimvubu,,,,,,,,
hokitika,NZ,2021-10-06 09:58:01,-42.7167,170.9667,92,94,54.446000000000055,2.24
pavlogradka,RU,2021-10-06 10:06:55,54.2024,73.5592,96,70,35.67200000000004,3.37
saint anthony,US,2021-10-06 10:06:55,45.0205,-93.218,1,88,65.24600000000005,0.89
belvidere,US,2021-10-06 10:06:56,42.2639,-88.8443,92,86,66.70399999999995,4.97
grindavik,IS,2021-10-06 10:06:57,63.8424,-22.4338,75,61,47.13800000000005,7.2
krasnoselkup,RU,2021-10-06 10:06:57,65.7,82.4667,100,83,41.21600000000001,7.53
eirunepe,BR,2021-10-06 10:06:58,-6.6603,-69.8736,100,98,73.09399999999997,0.72
kapaa,US,2021-10-06 10:06:58,22.0752,-159.319,20,80,75.79399999999998,0.45
kharagauli,GE,2021-10-06 10:06:59,42.0214,43.1977,100,90,56.030000000000044,2.96
shache,CN,2021-10-06 10:06:59,38.4167,77.2406,2,34,60.27799999999996,0.7
bengkulu,ID,2021-10-06 10:06:59,-3.8004,102.2655,29,90,75.90199999999999,1.78
eldikan,,,,,,,,
ugoofaaru,MV,2021-10-06 10:00:44,5.6667,73,100,80,83.066,6.83
pisco,PE,2021-10-06 09:57:49,-13.7,-76.2167,46,77,66.52400000000002,2.06
den helder,NL,2021-10-06 10:07:00,52.9599,4.7593,0,74,63.248000000000026,5.81
constantine,DZ,2021-10-06 10:07:01,36.365,6.6147,87,42,73.13000000000005,5.64
lasa,IT,2021-10-06 10:07:02,46.6166,10.7002,100,91,53.780000000000044,3.57
aktas,KZ,2021-10-06 10:07:02,49.7789,72.9608,99,84,30.217999999999982,3.33
esperance,AU,2021-10-06 10:07:02,-33.8667,121.9,18,70,50.09000000000002,3.55
aranos,NA,2021-10-06 10:07:03,-24.1333,19.1167,100,6,91.958,6.03
cherskiy,RU,2021-10-06 10:07:04,68.75,161.3,100,96,14.99000000000002,3.32
xinzhi,CN,2021-10-06 10:05:10,36.4989,111.7047,98,91,50.97200000000004,1.1
kodiak,US,2021-10-06 10:07:04,57.79,-152.4072,100,91,45.59000000000002,3.73
kyaukse,MM,2021-10-06 10:07:04,21.6,96.1333,45,76,81.48200000000003,1.81
serebryansk,KZ,2021-10-06 10:07:05,49.6925,83.2892,65,91,31.819999999999958,0.87
yairipok,IN,2021-10-06 10:07:05,24.6667,94.0667,21,95,69.54800000000003,0.47
bambanglipuro,ID,2021-10-06 10:00:20,-7.95,110.2833,100,72,76.892,2.96
sorata,BO,2021-10-06 10:07:06,-15.7667,-68.6333,92,70,53.13200000000002,3.53
provideniya,RU,2021-10-06 10:07:06,64.3833,-173.3,100,98,37.274000000000015,4.88
oksfjord,NO,2021-10-06 10:07:07,70.2396,22.3479,100,90,48.272000000000034,2.28
palu,ID,2021-10-06 10:01:05,-0.8917,119.8707,71,96,76.17200000000004,1.19
thompson,CA,2021-10-06 10:03:12,55.7435,-97.8558,34,47,47.69600000000005,4.22
dodge city,US,2021-10-06 10:06:33,37.7528,-100.0171,1,73,65.51600000000002,3.58
qabis,,,,,,,,
nanortalik,GL,2021-10-06 10:07:08,60.1432,-45.2371,100,57,41.48599999999997,2.1
faanui,PF,2021-10-06 09:57:25,-16.4833,-151.75,7,67,78.72799999999997,5.73
malanje,AO,2021-10-06 10:07:09,-9.5402,16.341,100,67,71.99600000000005,3.62
tiznit,MA,2021-10-06 09:57:14,29.5833,-9.5,16,19,91.59800000000003,3.94
klaksvik,FO,2021-10-06 10:07:09,62.2266,-6.589,86,78,47.588000000000044,5.43
tiksi,RU,2021-10-06 10:07:10,71.6872,128.8694,100,93,24.277999999999963,0.49
mahebourg,MU,2021-10-06 10:07:12,-20.4081,57.7,93,82,71.52799999999996,0.74
kaka,TM,2021-10-06 09:58:04,37.3482,59.6143,3,26,61.44800000000002,2.37
sheridan,US,2021-10-06 10:02:57,44.8333,-106.9173,1,38,73.58000000000004,0
ambilobe,MG,2021-10-06 10:07:12,-13.2,49.05,100,72,75.81199999999995,2.01
illoqqortoormiut,,,,,,,,
effium,NG,2021-10-06 10:07:13,6.6292,8.0593,98,71,86.18000000000004,0.77
muros,ES,2021-10-06 10:07:13,42.7762,-9.0603,6,55,78.94399999999997,2.11
la serena,CL,2021-10-06 10:03:35,-29.9078,-71.2542,75,82,55.184,3.6
tarko-sale,RU,2021-10-06 10:07:14,64.9225,77.785,69,83,42.008,8.13
masoko,TZ,2021-10-06 10:07:14,-9.3333,33.75,66,33,81.46400000000003,2.91
xai-xai,MZ,2021-10-06 10:07:15,-25.0519,33.6442,34,74,73.61600000000001,6.08
shitanjing,CN,2021-10-06 10:07:15,39.2342,106.3439,3,66,51.08000000000004,3.35
coihaique,CL,2021-10-06 10:07:16,-45.5752,-72.0662,0,26,55.616000000000014,3.09
pilar,BR,2021-10-06 10:07:16,-9.5972,-35.9567,99,54,86.19800000000004,4.72
halalo,,,,,,,,
haibowan,,,,,,,,
touros,BR,2021-10-06 10:07:17,-5.1989,-35.4608,100,58,88.96999999999997,7.76
padina,RS,2021-10-06 10:07:17,45.1181,20.7272,100,38,64.52599999999998,10.65
papeete,PF,2021-10-06 10:07:18,-17.5333,-149.5667,20,83,71.79800000000003,1.03
krasnoturansk,RU,2021-10-06 10:07:18,54.3186,91.5639,21,71,40.26199999999996,2.88
voyvozh,RU,2021-10-06 10:07:19,62.892,54.9635,85,79,41.50399999999995,3.96
flinders,AU,2021-10-06 10:07:19,-34.5833,150.8552,33,79,56.317999999999984,0.45
artyk,,,,,,,,
bhadra,IN,2021-10-06 10:07:11,29.1167,75.1667,0,38,90.15800000000002,0.89
znamenskoye,RU,2021-10-06 10:07:20,57.1281,73.8282,100,97,35.38399999999999,2.75
palana,RU,2021-10-06 10:07:20,59.1167,159.9667,100,92,29.875999999999987,5.15
mackenzie,CA,2021-10-06 10:07:20,55.2999,-123.1698,90,100,32.48599999999997,0
lagoa da canoa,BR,2021-10-06 10:07:21,-9.8297,-36.7378,99,44,87.09800000000003,6.63
chokurdakh,RU,2021-10-06 09:58:52,70.6333,147.9167,97,92,23.180000000000042,4.95
artigas,UY,2021-10-06 10:07:22,-30.4,-56.4667,100,61,69.85399999999996,2.38
kaspiyskiy,RU,2021-10-06 10:07:22,45.3929,47.3707,86,56,51.188000000000045,9.84
barberton,ZA,2021-10-06 10:07:22,-25.7884,31.0532,83,74,68.66600000000001,2.43
emerald,AU,2021-10-06 10:07:23,-23.5333,148.1667,1,41,66.61400000000003,4.28
biltine,TD,2021-10-06 10:07:23,14.5333,20.9167,92,11,95.0,3.57
marathon,US,2021-10-06 10:07:23,44.9,-89.7668,90,90,62.61799999999998,0.45
clyde river,CA,2021-10-06 10:07:24,70.4692,-68.5914,100,99,33.943999999999974,4.03
la trinitaria,MX,2021-10-06 10:07:24,16.1167,-92.05,48,79,66.36199999999997,1.14
sarkand,KZ,2021-10-06 10:07:25,45.41,79.9186,40,69,29.03000000000004,3.14
nouakchott,MR,2021-10-06 10:07:25,18.0858,-15.9785,100,38,105.99800000000003,2.48
ankang,CN,2021-10-06 10:07:26,32.68,109.0172,100,95,58.819999999999965,1.09
mahajanga,MG,2021-10-06 10:07:26,-15.7167,46.3167,40,65,79.08800000000005,2.57
meulaboh,ID,2021-10-06 09:57:29,4.1363,96.1285,100,87,78.42200000000004,2.3
guerrero negro,MX,2021-10-06 09:57:52,27.9769,-114.0611,0,71,71.18599999999998,6.86
chase,CA,2021-10-06 10:07:27,50.8165,-119.6857,74,64,46.70600000000003,1.53
veraval,IN,2021-10-06 10:07:27,20.9,70.3667,92,83,83.40800000000002,5.16
horqueta,PY,2021-10-06 10:07:28,-23.3428,-57.0597,30,30,99.59000000000002,4.11
lata,PT,2021-10-06 10:07:28,40.1629,-8.3327,3,55,82.61600000000001,1.79
hasaki,JP,2021-10-06 10:07:28,35.7333,140.8333,100,75,68.66600000000001,6.62
gorkovskoye,,,,,,,,
mareeba,AU,2021-10-06 10:07:29,-17,145.4333,74,95,70.79000000000002,2.3
longyearbyen,SJ,2021-10-06 10:07:30,78.2186,15.6401,75,93,33.908,4.63
pevek,RU,2021-10-06 10:07:30,69.7008,170.3133,100,81,26.924000000000014,7.73
aksaray,TR,2021-10-06 10:07:30,38.3726,34.0254,0,36,58.85600000000003,4.11
samarai,PG,2021-10-06 10:00:49,-10.6167,150.6667,83,84,79.89800000000002,4.45
namibe,AO,2021-10-06 10:07:31,-15.1961,12.1522,59,66,70.12400000000002,7.78
tilichiki,RU,2021-10-06 10:07:31,60.4667,166.1,100,65,29.875999999999987,4.4
khani,GE,2021-10-06 10:07:32,41.9563,42.9566,98,94,51.63800000000005,1.57
nishihara,JP,2021-10-06 10:07:32,26.1842,127.7558,75,92,80.924,4.63
bathsheba,BB,2021-10-06 10:07:32,13.2167,-59.5167,75,74,86.88200000000002,9.77
buritizeiro,BR,2021-10-06 10:07:33,-17.3511,-44.9622,7,25,96.18800000000005,3.64
svencionys,LT,2021-10-06 10:07:34,55.15,26.1667,80,59,52.50199999999998,6.4
tabiauea,,,,,,,,
grand river south east,,,,,,,,
coahuayana,MX,2021-10-06 10:01:44,18.7333,-103.6833,73,68,83.858,0.49
codajas,BR,2021-10-06 10:07:35,-3.8367,-62.0569,94,33,95.77400000000002,2.72
tarakan,ID,2021-10-06 10:07:36,3.3,117.6333,40,78,80.36600000000001,3.09
amderma,,,,,,,,
half moon bay,US,2021-10-06 10:07:36,37.4636,-122.4286,90,88,60.16999999999996,0
ust-kamchatsk,,,,,,,,
rio grande,BR,2021-10-06 10:07:37,-32.035,-52.0986,34,60,73.77799999999996,1.13
timmins,CA,2021-10-06 10:04:27,48.4669,-81.3331,23,68,61.969999999999956,2.12
cururupu,BR,2021-10-06 10:07:37,-1.8283,-44.8683,70,53,90.89600000000004,3.74
el faiyum,,,,,,,,
kaduqli,SD,2021-10-06 10:07:38,11.0167,29.7167,26,44,89.31199999999995,1.97
egvekinot,RU,2021-10-06 10:07:38,66.3167,-179.1667,100,85,26.672000000000036,8.17
ayan,RU,2021-10-06 10:07:38,56.45,138.1667,69,61,38.030000000000044,5.08
kahului,US,2021-10-06 10:07:39,20.8947,-156.47,1,79,75.48800000000006,6.17
lokken verk,,,,,,,,
verkhnevilyuysk,RU,2021-10-06 10:01:15,63.4453,120.3167,17,80,28.382000000000016,3.73
ormara,PK,2021-10-06 10:07:40,25.2088,64.6357,1,82,80.90600000000003,3.72
zeya,RU,2021-10-06 10:07:40,53.75,127.2667,11,71,30.01999999999996,0.61
derbent,RU,2021-10-06 10:05:28,42.0678,48.2899,100,80,54.95,3.58
buala,SB,2021-10-06 10:07:40,-8.145,159.5921,27,81,79.826,1.65
blagoyevo,RU,2021-10-06 10:07:41,63.3667,47.9167,38,76,45.42799999999996,4.22
dingle,PH,2021-10-06 10:07:41,10.9995,122.6711,96,88,76.53200000000001,0.98
ternate,ID,2021-10-06 10:00:54,0.8,127.4,47,77,81.14000000000001,2.28
sur,OM,2021-10-06 10:07:41,22.5667,59.5289,0,66,84.91999999999996,2.61
honningsvag,NO,2021-10-06 10:03:10,70.9821,25.9704,40,76,44.61799999999998,8.75
vardo,NO,2021-10-06 10:03:09,70.3705,31.1107,40,76,50.46799999999999,4.12
waipawa,NZ,2021-10-06 10:07:42,-41.4122,175.5153,99,93,59.900000000000006,1.5
villa rica,US,2021-10-06 10:07:43,33.7321,-84.9191,74,94,73.68800000000005,4.05
kuybysheve,UA,2021-10-06 10:07:43,47.358,36.6491,34,30,50.342,7.55
barawe,,,,,,,,
florianopolis,BR,2021-10-06 10:01:07,-27.6146,-48.5012,100,76,69.89000000000001,0.89
te anau,NZ,2021-10-06 10:07:44,-45.4167,167.7167,31,94,43.358000000000004,0.59
san miguel,SV,2021-10-06 10:07:44,13.4833,-88.1833,71,70,84.092,1.14
osmanabad,IN,2021-10-06 10:07:45,18.1667,76.05,9,85,75.84800000000003,3.85
bubaque,GW,2021-10-06 10:07:45,11.2833,-15.8333,17,66,83.60600000000002,2.4
necochea,AR,2021-10-06 10:01:27,-38.5473,-58.7368,70,62,52.30399999999995,9.84
ponta do sol,PT,2021-10-06 10:07:46,32.6667,-17.1,100,67,79.98800000000006,1.44
cockburn town,TC,2021-10-06 10:07:47,21.4612,-71.1419,9,75,83.58800000000005,10.52
praia da vitoria,PT,2021-10-06 10:01:22,38.7333,-27.0667,90,96,72.03200000000001,8.36
xining,CN,2021-10-06 10:06:19,36.6167,101.7667,100,73,51.78200000000002,0.77
xam nua,LA,2021-10-06 10:07:47,20.4197,104.0439,80,98,65.30000000000001,0.62
manggar,ID,2021-10-06 10:07:48,-2.8833,108.2667,100,78,81.608,3.3
rosarito,MX,2021-10-06 10:04:07,32.3333,-117.0333,2,82,68.35999999999999,1.31
sal rei,CV,2021-10-06 10:07:48,16.1833,-22.9167,75,74,81.06799999999998,6.69
zhengjiatun,CN,2021-10-06 10:07:49,43.5064,123.5064,100,58,49.60399999999996,1.17
porto novo,BJ,2021-10-06 10:07:49,6.4965,2.6036,79,70,84.59600000000006,5.13
caucaia,BR,2021-10-06 10:07:50,-3.7361,-38.6531,20,58,90.33800000000005,9.77
kalabo,ZM,2021-10-06 10:07:50,-14.97,22.6814,92,33,86.84600000000006,4.98
coquimbo,CL,2021-10-06 10:07:50,-29.9533,-71.3436,75,82,55.400000000000006,3.6
nemuro,JP,2021-10-06 10:07:51,43.3236,145.575,88,70,51.78200000000002,4.88
paradwip,,,,,,,,
talaya,RU,2021-10-06 10:07:51,61.3833,152.75,42,96,2.659999999999979,0.88
sitka,US,2021-10-06 10:07:52,57.0531,-135.33,1,75,37.561999999999955,0
ruatoria,,,,,,,,
pyu,MM,2021-10-06 10:07:52,18.4833,96.4333,90,91,77.77400000000002,0.61
taiyuan,CN,2021-10-06 10:07:37,37.8694,112.5603,90,93,46.52599999999999,1
torfyanoy,RU,2021-10-06 10:07:53,58.4916,49.1979,20,69,39.38000000000004,1.99
port-cartier,CA,2021-10-06 10:01:46,50.0334,-66.8654,81,57,62.024000000000015,3.71
san cristobal,VE,2021-10-06 09:58:42,7.7669,-72.225,100,66,75.65,3.25
georgetown,MY,2021-10-06 10:05:24,5.4112,100.3354,20,92,78.99800000000002,1.54
santa eulalia del rio,,,,,,,,
narsaq,GL,2021-10-06 10:07:54,60.9167,-46.05,100,46,48.685999999999964,2.27
launceston,AU,2021-10-06 10:03:59,-41.45,147.1667,75,92,49.064000000000036,1.34
marcona,,,,,,,,
port hedland,AU,2021-10-06 10:07:55,-20.3167,118.5667,2,88,68.32400000000001,2.06
bosobolo,CD,2021-10-06 10:07:55,4.1833,19.9,74,90,78.18800000000005,0.81
aran,AZ,2021-10-06 10:07:56,40.6253,46.9756,90,77,58.819999999999965,1.03
zirandaro,MX,2021-10-06 10:07:56,18.45,-100.9833,55,85,78.09800000000003,0.6
kruisfontein,ZA,2021-10-06 10:07:57,-34.0033,24.7314,0,64,69.15199999999999,7.37
hastings,GB,2021-10-06 10:07:57,50.8552,0.5729,4,49,65.65999999999998,5.79
havre de grace,US,2021-10-06 10:07:54,39.5493,-76.0916,90,84,70.77200000000005,3.6
north battleford,CA,2021-10-06 10:07:58,52.7834,-108.2847,100,32,58.190000000000026,3.81
college,US,2021-10-06 10:07:58,64.8569,-147.8028,75,91,33.727999999999966,0
sabha,LY,2021-10-06 10:01:22,27.0377,14.4283,0,16,87.63800000000005,4.28
lodja,CD,2021-10-06 10:07:59,-3.4833,23.4333,90,65,80.834,0.75
el alto,PE,2021-10-06 10:07:59,-4.2714,-81.2147,8,65,72.06799999999998,6.46
slonim,BY,2021-10-06 10:08:00,53.0867,25.3219,49,51,54.733999999999995,6.97
paamiut,GL,2021-10-06 09:58:52,61.994,-49.6678,100,69,38.96600000000001,4.98
ust-nera,RU,2021-10-06 10:08:00,64.5667,143.2,73,93,19.975999999999985,2.36
viligili,,,,,,,,
ca mau,VN,2021-10-06 10:08:01,9.1769,105.15,100,94,76.17200000000004,2.13
shingu,JP,2021-10-06 10:08:01,33.7333,135.9833,14,82,69.60199999999998,1.89
kamenka,RU,2021-10-06 10:08:02,51.3223,42.7678,100,41,44.11400000000003,3.24
borlange,,,,,,,,
toungoo,,,,,,,,
victoria,HK,2021-10-06 10:04:02,22.2855,114.1577,23,79,88.484,0.45
san rafael,AR,2021-10-06 10:08:03,-34.6177,-68.3301,67,36,50.288000000000046,4.45
bela crkva,RS,2021-10-06 10:08:03,44.8975,21.4172,99,58,63.28399999999999,2.68
cairns,AU,2021-10-06 10:08:04,-16.9167,145.7667,40,90,75.41600000000001,1.54
sataua,,,,,,,,
kargasok,RU,2021-10-06 10:08:05,59.0556,80.8572,100,91,36.35600000000003,4.15
nome,US,2021-10-06 10:08:05,64.5011,-165.4064,90,87,43.141999999999996,5.66
tautira,PF,2021-10-06 10:08:05,-17.7333,-149.15,21,79,71.88800000000005,4.78
pudozh,RU,2021-10-06 10:08:06,61.8099,36.5345,64,72,50.719999999999956,4.81
antalaha,MG,2021-10-06 10:08:06,-14.9003,50.2788,100,70,73.72400000000002,4.17
kloulklubed,PW,2021-10-06 10:08:07,7.0419,134.2556,100,73,83.174,7.51
san jose de sisa,PE,2021-10-06 10:08:07,-6.6167,-76.6915,96,92,75.84800000000003,1.1
attawapiskat,,,,,,,,
iskateley,RU,2021-10-06 10:08:08,67.6803,53.1512,100,84,46.832000000000015,8.94
zacualtipan,MX,2021-10-06 10:08:08,20.65,-98.6,29,70,62.41999999999996,1.04
bilibino,RU,2021-10-06 10:08:09,68.0546,166.4372,99,98,1.3099999999999774,0.69
luziania,BR,2021-10-06 10:08:10,-16.2525,-47.9503,2,18,93.25399999999996,3.93
severo-kurilsk,RU,2021-10-06 10:08:10,50.6789,156.125,24,72,42.727999999999966,5.05
codrington,AU,2021-10-06 10:08:11,-38.2667,141.9667,93,77,48.524000000000015,7.84
bolshaya dzhalga,RU,2021-10-06 10:08:11,45.9695,42.6966,93,43,52.358000000000004,7.17
sri aman,MY,2021-10-06 10:08:12,1.2376,111.4621,100,96,75.38000000000005,0.88
leningradskiy,RU,2021-10-06 10:08:12,69.3833,178.4167,100,97,28.291999999999994,4.31
vestmanna,FO,2021-10-06 10:08:13,62.1564,-7.1664,75,81,45.788000000000046,4.12
peniche,PT,2021-10-06 10:08:13,39.3558,-9.3811,2,69,87.89000000000001,5.43
yerbogachen,RU,2021-10-06 10:08:13,61.2767,108.0108,100,72,30.001999999999974,5.72
mopti,ML,2021-10-06 10:08:14,14.6667,-4,5,16,104.66600000000001,6.27
mahibadhoo,MV,2021-10-06 10:08:14,3.7833,72.9667,67,77,83.89399999999998,6.33
svetlogorsk,BY,2021-10-06 10:08:15,52.6333,29.7333,11,58,51.817999999999984,5.41
alofi,NU,2021-10-06 10:08:15,-19.0595,-169.9187,25,78,76.62200000000004,6.23
iberia,US,2021-10-06 10:08:16,29.9502,-91.7507,1,69,77.342,2.06
nizhneyansk,,,,,,,,
benicarlo,ES,2021-10-06 10:06:39,40.4165,0.4271,100,39,74.51600000000002,7.9
lakes entrance,AU,2021-10-06 10:08:16,-37.8811,147.981,100,66,58.83800000000005,4.66
kangaatsiaq,GL,2021-10-06 10:08:17,68.3065,-53.4641,100,57,34.32200000000004,4.61
taoudenni,ML,2021-10-06 10:08:17,22.6783,-3.9836,6,5,108.62599999999999,4.49
koshurnikovo,RU,2021-10-06 10:08:18,54.1667,93.3,6,82,33.29600000000005,1.57
husavik,IS,2021-10-06 10:08:18,66.0449,-17.3389,16,73,38.101999999999975,4.51
sringeri,IN,2021-10-06 10:08:19,13.4167,75.25,100,99,74.56999999999996,1.23
vila franca do campo,PT,2021-10-06 10:08:20,37.7167,-25.4333,83,88,75.88399999999999,5.7
moose factory,CA,2021-10-06 10:08:20,51.2585,-80.6094,100,69,60.98000000000005,3.09
funadhoo,MV,2021-10-06 10:08:21,6.15,73.2667,100,80,82.66999999999996,7.11
tateyama,JP,2021-10-06 10:08:21,34.9833,139.8667,98,79,71.36600000000001,6.19
san quintin,MX,2021-10-06 10:01:08,30.4833,-115.95,0,82,67.35199999999998,3.55
biak,ID,2021-10-06 10:08:22,-0.9131,122.8766,10,81,75.79399999999998,1.33
grand baie,MU,2021-10-06 10:08:22,-20.0182,57.5802,23,78,71.726,1.79
beringovskiy,RU,2021-10-06 10:08:23,63.05,179.3167,99,84,32.21600000000001,6.61
saint-philippe,RE,2021-10-06 10:08:23,-21.3585,55.7679,57,83,75.05600000000004,1.59
port elizabeth,ZA,2021-10-06 10:08:24,-33.918,25.5701,0,77,71.36600000000001,8.56
mokrousovo,RU,2021-10-06 10:08:24,55.8103,66.7653,70,70,38.96600000000001,2.73
bulaevo,KZ,2021-10-06 10:08:24,54.9056,70.4439,97,86,36.158,2.75
port keats,AU,2021-10-06 10:08:25,-14.25,129.55,70,79,81.30199999999998,3.4
hambantota,LK,2021-10-06 10:08:25,6.1241,81.1185,20,94,81.21199999999996,2.57
canon city,US,2021-10-06 10:08:27,38.441,-105.2424,1,37,71.29399999999998,2.24
dahuk,IQ,2021-10-06 10:08:27,36.8695,42.994,0,20,71.27599999999998,1.7
rongcheng,CN,2021-10-06 10:08:28,30.634,117.8517,94,85,71.834,2.81
yeppoon,AU,2021-10-06 10:08:28,-23.1333,150.7333,0,77,64.45399999999995,3.21
high level,CA,2021-10-06 10:08:28,58.5169,-117.136,100,96,35.38399999999999,2.33
northam,GB,2021-10-06 10:08:29,51.0333,-4.2167,100,82,62.653999999999954,3.67
luganville,VU,2021-10-06 10:08:30,-15.5333,167.1667,44,83,78.22400000000002,1.11
puerto el triunfo,SV,2021-10-06 10:05:42,13.2833,-88.55,76,65,84.63200000000002,1.28
corinto,GR,2021-10-06 10:08:31,37.9407,22.9573,0,47,74.67799999999997,3.02
kutum,SD,2021-10-06 10:08:31,14.2,24.6667,98,15,87.83599999999997,1.89
geraldton,AU,2021-10-06 10:08:32,-28.7667,114.6,0,76,54.28399999999999,4.12
russell,US,2021-10-06 10:08:32,32.3502,-85.1999,90,90,78.24199999999999,0
falealupo,,,,,,,,
warqla,,,,,,,,
ostrovnoy,RU,2021-10-06 10:08:33,68.0531,39.5131,100,85,50.0,9.59
karpathos,GR,2021-10-06 10:08:33,35.507,27.2132,20,60,70.03399999999999,12.35
tlahualilo,,,,,,,,
pueblo nuevo,MX,2021-10-06 10:08:34,23.3833,-105.3833,56,63,64.27400000000002,2.18
bone,DE,2021-10-06 10:08:34,51.9669,12.1396,79,60,61.7,4
pozo colorado,PY,2021-10-06 10:08:35,-23.4923,-58.7972,93,32,97.51999999999997,3.97
bressanone,IT,2021-10-06 10:08:35,46.715,11.656,99,84,57.23599999999997,2.35
sentyabrskiy,,,,,,,,
hofn,IS,2021-10-06 10:08:36,64.2539,-15.2082,90,68,41.75600000000003,5.17
sabya,SA,2021-10-06 10:08:36,17.1495,42.6254,2,59,91.23800000000006,5.67
quthing,LS,2021-10-06 10:08:36,-30.4,27.7003,24,17,71.02400000000002,4.47
tasbuget,,,,,,,,
port townsend,US,2021-10-06 10:08:37,48.117,-122.7605,59,89,51.817999999999984,1.34
abu zabad,SD,2021-10-06 10:08:37,12.35,29.25,39,22,93.434,1.92
tabas,IR,2021-10-06 10:08:38,33.5959,56.9244,0,13,85.334,2.37
urumqi,CN,2021-10-06 10:08:38,43.801,87.6005,90,93,36.82400000000001,4
ayamonte,ES,2021-10-06 10:08:39,37.2099,-7.4027,100,39,81.53599999999997,1.9
jardim,BR,2021-10-06 10:01:27,-21.4803,-56.1381,19,34,96.96199999999996,3.19
sungaipenuh,ID,2021-10-06 10:08:39,-2.0833,101.3833,75,97,64.75999999999999,0.58
hovd,MN,2021-10-06 10:08:40,48.0056,91.6419,100,39,41.80999999999998,0.74
lorengau,PG,2021-10-06 10:08:41,-2.0226,147.2712,100,87,76.55000000000001,3.59
margate,GB,2021-10-06 10:08:41,51.3813,1.3862,86,66,64.23800000000006,2.68
anadyr,RU,2021-10-06 10:08:41,64.75,177.4833,94,91,32.26999999999996,1.79
altay,CN,2021-10-06 10:08:42,47.8667,88.1167,98,64,35.40199999999997,2.8
road town,VG,2021-10-06 10:04:45,18.4167,-64.6167,40,62,89.95999999999998,6.69
naples,IT,2021-10-06 10:08:42,40.8333,14.25,75,88,72.85999999999999,2.06
ig,,,,,,,,
taseyevo,RU,2021-10-06 10:08:43,57.2169,94.8978,100,74,31.15399999999995,1.8
puri,IN,2021-10-06 10:08:43,19.8,85.85,25,73,81.392,4
kenai,US,2021-10-06 10:08:44,60.5544,-151.2583,90,96,41.41400000000003,1.54
saleaula,,,,,,,,
daru,PG,2021-10-06 10:08:44,-9.0763,143.2092,100,83,78.44000000000003,5.13
nyurba,RU,2021-10-06 10:01:53,63.2842,118.3319,23,75,29.011999999999954,4.4
teacapan,MX,2021-10-06 10:08:44,22.55,-105.75,51,75,81.76999999999995,1.23
north bend,US,2021-10-06 10:08:45,43.4065,-124.2243,75,97,49.11799999999998,4.12
dinsor,,,,,,,,
bardiyah,LY,2021-10-06 10:08:45,31.7561,25.0865,0,52,74.94800000000004,4.2
konstantinovka,RU,2021-10-06 10:08:46,49.6167,127.9833,61,58,38.89399999999997,2.24
nyagan,RU,2021-10-06 10:08:46,62.1406,65.3936,58,77,43.556000000000026,4.54
bereda,ES,2021-10-06 10:08:47,43.2686,-7.5406,37,65,72.40999999999998,2.42
paharpur,PK,2021-10-06 10:08:47,32.1038,70.9724,5,28,92.93000000000004,1.74
kemijarvi,FI,2021-10-06 10:08:47,66.7131,27.4306,100,94,47.53399999999999,3.77
mtsensk,RU,2021-10-06 10:08:48,53.2766,36.5733,26,51,43.88000000000004,3.45
vaitape,PF,2021-10-06 10:08:48,-16.5167,-151.75,7,67,78.72799999999997,5.71
camacha,PT,2021-10-06 10:08:49,33.0833,-16.3333,40,64,73.09399999999997,5.66
sao filipe,CV,2021-10-06 10:08:49,14.8961,-24.4956,48,69,81.06799999999998,4.87
buariki,,,,,,,,
tumannyy,,,,,,,,
san ramon,US,2021-10-06 10:04:06,37.7799,-121.978,1,87,59.86400000000003,1.34
cap malheureux,MU,2021-10-06 10:08:50,-19.9842,57.6142,21,78,71.74399999999997,1.79
haines junction,CA,2021-10-06 10:08:51,60.7522,-137.5108,13,76,27.698000000000025,1.18
tazovskiy,RU,2021-10-06 10:08:51,67.4667,78.7,100,86,41.161999999999956,9.93
olafsvik,IS,2021-10-06 10:08:52,64.8945,-23.7142,16,67,42.49399999999997,4.76
isangel,VU,2021-10-06 10:08:52,-19.55,169.2667,7,89,74.48000000000005,4.18
arman,RU,2021-10-06 10:00:43,59.7,150.1667,1,54,25.285999999999966,2.97
orgun,,,,,,,,
salinas,US,2021-10-06 10:02:52,36.6777,-121.6555,90,82,59.46799999999999,1.54
miyako,JP,2021-10-06 10:08:53,39.6367,141.9525,97,85,58.62200000000004,0.69
port hardy,CA,2021-10-06 10:08:53,50.6996,-127.4199,90,93,45.05,2.06
bastrop,US,2021-10-06 10:08:54,32.7562,-91.8724,99,90,71.69000000000003,0.89
iqaluit,CA,2021-10-06 10:05:05,63.7506,-68.5145,75,93,39.2,4.02
copala,MX,2021-10-06 10:08:55,16.65,-98.9833,79,75,82.058,0.57
sharan,RU,2021-10-06 10:08:55,54.8167,54,70,77,39.91999999999996,2.4
natal,BR,2021-10-06 10:03:56,-5.795,-35.2094,40,58,88.71799999999999,7.2
brigham city,US,2021-10-06 10:08:56,41.5102,-112.0155,40,68,62.88800000000005,0.89
coolum beach,AU,2021-10-06 10:08:56,-26.5333,153.1,0,93,58.60399999999996,1.08
isabela,PH,2021-10-06 10:08:57,6.7085,121.9711,79,84,79.10600000000002,1.36
nantong,CN,2021-10-06 10:08:57,32.0303,120.8747,28,77,79.26799999999999,0.45
anaco,VE,2021-10-06 10:08:58,9.4389,-64.4728,33,42,92.01199999999996,4.55
esso,RU,2021-10-06 10:08:58,55.9333,158.7,47,89,24.22400000000001,2.23
walvis bay,NA,2021-10-06 10:08:59,-22.9575,14.5053,34,57,56.35399999999996,6.36
yerofey pavlovich,RU,2021-10-06 10:08:59,53.9667,121.9667,90,69,30.398000000000025,1.44
makat,KZ,2021-10-06 10:08:59,47.6469,53.3463,13,27,45.98599999999997,4.48
kismayo,SO,2021-10-06 10:09:00,-0.3582,42.5454,93,79,78.85399999999996,6.7
pringsewu,ID,2021-10-06 10:01:11,-5.3582,104.9744,99,87,75.092,3.07
banda aceh,ID,2021-10-06 10:09:00,5.5577,95.3222,100,81,79.53800000000004,2.84
cordoba,AR,2021-10-06 10:09:01,-31.4135,-64.1811,0,35,62.690000000000026,6.26
grand gaube,MU,2021-10-06 10:09:01,-20.0064,57.6608,27,78,71.65399999999995,1.79
batagay,RU,2021-10-06 10:01:10,67.6333,134.6333,100,66,27.698000000000025,2.57
tikhvin,RU,2021-10-06 10:09:01,59.6451,33.5294,5,67,52.483999999999995,4.36
upernavik,GL,2021-10-06 10:09:02,72.7868,-56.1549,100,52,32.66600000000001,2.01
korla,CN,2021-10-06 10:09:03,41.7597,86.1469,97,39,59.359999999999985,1.48
sinnamary,GF,2021-10-06 10:09:03,5.3833,-52.95,99,80,83.20999999999998,3.37
katangli,RU,2021-10-06 10:09:04,51.7102,143.2326,42,79,34.501999999999974,3.81
ancud,CL,2021-10-06 10:09:05,-41.8697,-73.8203,0,46,53.40199999999997,2.59
kavaratti,IN,2021-10-06 10:09:05,10.5669,72.642,100,80,81.19399999999997,6.08
pitimbu,BR,2021-10-06 10:06:02,-7.4706,-34.8086,100,68,86.86400000000003,6.32
kadykchan,,,,,,,,
banjar,ID,2021-10-06 10:02:02,-8.19,114.9675,17,88,77.18000000000004,3.66
kundiawa,PG,2021-10-06 10:09:07,-6.0167,144.9667,95,98,62.024000000000015,1.09
sao jose da coroa grande,BR,2021-10-06 10:09:07,-8.8978,-35.1478,97,70,81.842,4.87
kamen-na-obi,RU,2021-10-06 10:09:08,53.7884,81.3423,94,76,37.54399999999997,4.94
bulgan,MN,2021-10-06 10:09:08,48.8125,103.5347,60,52,41.86400000000003,0.36
sabang,ID,2021-10-06 10:09:08,5.8933,95.3214,100,73,82.45399999999995,5.94
takaka,NZ,2021-10-06 10:09:09,-40.85,172.8,100,99,60.242,2.52
mullaitivu,,,,,,,,
bucerias,MX,2021-10-06 10:04:18,20.75,-105.3333,40,83,83.24600000000005,2.06
selishche,RU,2021-10-06 10:09:10,56.8879,33.2691,4,67,46.63399999999999,2.62
lubango,AO,2021-10-06 10:09:10,-14.9172,13.4925,88,12,85.17200000000004,1.84
sokoto,NG,2021-10-06 10:09:11,13.0609,5.239,100,20,99.21199999999996,2.62
gat,IL,2021-10-06 10:07:06,31.61,34.7642,0,47,79.75399999999996,6.13
brightwater,NZ,2021-10-06 10:09:11,-41.3833,173.1167,100,95,59.95399999999995,2.79
xingcheng,CN,2021-10-06 10:09:12,40.6167,120.7167,100,84,50.359999999999985,3.58
rochester,US,2021-10-06 10:01:52,43.1548,-77.6156,90,89,66.05600000000004,0.45
baft,IR,2021-10-06 10:09:12,29.234,56.6057,53,29,72.53599999999997,1.73
makakilo city,US,2021-10-06 10:07:44,21.3469,-158.0858,40,69,77.59399999999997,2.06
merke,KZ,2021-10-06 10:09:13,42.8728,73.1786,100,92,39.758,2.33
henties bay,NA,2021-10-06 10:09:14,-22.116,14.2845,23,72,56.11999999999996,4.45
sorland,NO,2021-10-06 10:01:44,67.667,12.6934,100,76,48.542,8.62
vedaranniyam,,,,,,,,
moerai,PF,2021-10-06 10:09:15,-22.4333,-151.3333,23,74,74.56999999999996,3.05
maceio,BR,2021-10-06 10:09:15,-9.6658,-35.7353,75,66,87.51199999999996,4.12
vredendal,ZA,2021-10-06 10:09:16,-31.6683,18.5012,0,8,94.51400000000004,7.2
mayo,US,2021-10-06 10:00:50,38.8876,-76.5119,90,91,70.41199999999995,3.13
kavieng,PG,2021-10-06 10:09:16,-2.5744,150.7967,100,80,79.34000000000003,1.74
novoagansk,RU,2021-10-06 10:09:17,61.9449,76.6625,18,88,40.26199999999996,5.02
oranjemund,NA,2021-10-06 10:09:17,-28.55,16.4333,0,50,66.25399999999996,3.31
keratea,GR,2021-10-06 10:09:18,37.8073,23.9769,20,49,71.69000000000003,10.29
nassau,US,2021-10-06 10:09:18,40.7507,-73.5829,90,72,68.07200000000003,0.45
toliary,,,,,,,,
mayumba,GA,2021-10-06 10:09:19,-3.432,10.6554,58,77,77.84600000000006,4.84
hihifo,,,,,,,,
maralal,KE,2021-10-06 10:08:24,1.0968,36.698,93,50,71.29399999999998,1.27
ardistan,,,,,,,,
arcachon,FR,2021-10-06 10:09:20,44.5875,-1.0519,20,52,70.68200000000002,4.12
payakumbuh,ID,2021-10-06 10:05:31,-0.2202,100.6308,99,96,70.79000000000002,1.66
batagay-alyta,RU,2021-10-06 10:09:20,67.8006,130.4114,100,65,25.682000000000016,2.59
sergeyevka,KZ,2021-10-06 10:09:20,53.88,67.4158,20,76,33.29600000000005,2.75
yulara,AU,2021-10-06 10:09:21,-25.2406,130.9889,54,42,68.108,4.12
mirabad,AF,2021-10-06 10:09:21,30.4362,61.8383,15,10,80.97799999999997,2.46
roros,NO,2021-10-06 10:09:22,62.5747,11.3842,90,71,46.508,1.03
middlesbrough,GB,2021-10-06 10:09:22,54.5762,-1.2348,20,61,62.27599999999999,1.54
evensk,RU,2021-10-06 10:09:23,61.95,159.2333,100,54,27.067999999999984,3.68
chiman,PK,2021-10-06 10:09:23,32.5463,73.8138,0,44,82.81400000000004,2.24
pasighat,IN,2021-10-06 10:00:50,28.0667,95.3333,1,89,76.1,1.37
vostok,RU,2021-10-06 10:09:24,46.4856,135.8833,100,78,36.42799999999996,2.24
salem,IN,2021-10-06 10:01:00,11.65,78.1667,66,80,78.61999999999996,1.26
bacuit,,,,,,,,
novoukrainskiy,RU,2021-10-06 10:09:25,44.8969,38.0522,81,70,52.25,9.23
nagato,JP,2021-10-06 10:09:26,34.3833,131.2,0,85,72.46400000000003,0.69
colwyn bay,GB,2021-10-06 10:09:26,53.2948,-3.7267,98,77,62.185999999999964,2.68
ano mera,GR,2021-10-06 10:05:14,37.45,25.4,20,59,69.92599999999999,11.83
iquique,CL,2021-10-06 10:06:39,-20.2208,-70.1431,99,60,62.906000000000034,4.36
langxiang,CN,2021-10-06 10:05:17,46.95,128.8833,100,83,39.36199999999995,0.38
kassala,SD,2021-10-06 10:09:27,15.451,36.4,33,30,96.89000000000003,4.01
erenhot,CN,2021-10-06 10:09:27,43.6475,111.9767,1,63,47.01199999999996,3.52
goure,NE,2021-10-06 10:09:28,13.9835,10.2704,92,12,99.28399999999999,4.68
srandakan,ID,2021-10-06 10:09:28,-7.9386,110.2506,100,71,77.234,3.03
barahona,DO,2021-10-06 10:09:28,18.2085,-71.1008,20,62,89.69000000000003,6.17
polyarnyy,RU,2021-10-06 10:09:29,69.1989,33.4478,99,78,52.538000000000046,6.59
petropavlovsk-kamchatskiy,RU,2021-10-06 10:09:29,53.0452,158.6483,0,71,33.11600000000001,4.87
lar gerd,,,,,,,,
labutta,,,,,,,,
udachnyy,RU,2021-10-06 10:09:30,66.4167,112.4,93,86,27.859999999999978,7.44
mitu,CO,2021-10-06 10:09:31,1.1983,-70.1733,100,90,80.29399999999998,1.15
bolungarvik,,,,,,,,
sao gabriel,BR,2021-10-06 10:09:31,-30.3364,-54.32,100,62,67.02799999999996,0.9
general roca,AR,2021-10-06 10:09:32,-39.0333,-67.5833,0,20,52.71799999999999,1
madimba,TZ,2021-10-06 10:09:32,-10.4,40.3333,18,70,79.15999999999998,3.46
whitehorse,CA,2021-10-06 10:09:32,60.7161,-135.0538,12,92,21.57799999999996,1.34
touho,NC,2021-10-06 10:09:33,-20.7833,165.2333,0,74,72.40999999999998,2.56
nicseni,RO,2021-10-06 10:09:34,47.8667,26.6333,7,51,60.78200000000002,6.57
prado,BR,2021-10-06 10:09:34,-17.3411,-39.2208,22,59,82.54399999999998,4.04
sikonge,TZ,2021-10-06 10:09:34,-5.6333,32.7667,28,14,91.92200000000004,2.55
karymskoye,RU,2021-10-06 10:09:35,51.6167,114.35,10,85,37.38200000000002,1.36
senno,RU,2021-10-06 10:09:35,59.5336,33.9167,2,70,51.530000000000044,3.89
mahon,ES,2021-10-06 10:09:36,39.8885,4.2658,20,60,68.82799999999997,7.72
skerries,IE,2021-10-06 10:09:36,53.5828,-6.1083,100,90,61.28599999999997,7.03
menongue,AO,2021-10-06 10:09:37,-14.6585,17.691,100,47,78.40399999999995,5.8
akureyri,IS,2021-10-06 10:09:37,65.6835,-18.0878,9,88,33.56600000000001,1.91
namatanai,PG,2021-10-06 10:01:32,-3.6667,152.4333,100,79,79.10600000000002,1.72
seymchan,RU,2021-10-06 10:09:38,62.8833,152.4333,24,71,18.69800000000002,1.36
naze,JP,2021-10-06 10:01:20,28.3667,129.4833,99,71,77.32400000000001,6.37
jiayuguan,CN,2021-10-06 10:09:39,39.8167,98.3,2,37,53.690000000000026,3.02
naliya,IN,2021-10-06 10:09:39,23.2667,68.8333,51,65,83.67799999999997,4.33
kurchum,KZ,2021-10-06 10:09:40,48.5722,83.6542,67,58,37.903999999999954,3.86
monteagudo,BO,2021-10-06 10:09:40,-19.8167,-63.9833,72,33,86.59399999999997,2.34
aklavik,CA,2021-10-06 10:01:00,68.2191,-135.0107,96,86,22.819999999999958,2.99
malatya,TR,2021-10-06 10:09:41,38.5,38,0,26,62.924000000000014,1.03
klerksdorp,ZA,2021-10-06 10:09:41,-26.8521,26.6667,95,22,84.52400000000002,6.81
auki,SB,2021-10-06 10:09:42,-8.7676,160.7034,72,84,77.50399999999996,1.86
sao sebastiao,BR,2021-10-06 10:06:29,-23.76,-45.4097,98,92,69.90800000000002,3.66
havoysund,NO,2021-10-06 10:09:42,70.9963,24.6622,100,66,45.10399999999995,10.37
agirish,RU,2021-10-06 10:09:43,61.9247,63.0231,25,77,42.188000000000045,4.58
aflu,,,,,,,,
nakhon thai,TH,2021-10-06 10:09:43,17.1006,100.8374,96,93,75.2,1.41
salalah,OM,2021-10-06 10:09:44,17.0151,54.0924,90,89,80.95999999999998,4.12
tamandare,BR,2021-10-06 10:09:44,-8.7597,-35.1047,97,68,82.23800000000006,4.66
wa,,,,,,,,
bonavista,CA,2021-10-06 10:09:44,48.6499,-53.1147,44,64,60.38599999999997,5.7
roma,US,2021-10-06 09:59:12,43.2128,-75.4557,89,87,68.70199999999997,0.89
marataizes,BR,2021-10-06 10:09:45,-21.0433,-40.8244,100,87,72.17599999999999,3.37
gayeri,BF,2021-10-06 10:09:46,12.6497,0.4931,35,19,102.05600000000003,4.26
padang,ID,2021-10-06 10:09:46,-0.9492,100.3543,69,85,77.32400000000001,1.2
concordia,AR,2021-10-06 10:06:38,-31.393,-58.0209,0,50,77.342,5.36
mandera,KE,2021-10-06 10:08:20,3.9366,41.867,67,25,94.67599999999999,6.39
boa vista,BR,2021-10-06 10:09:47,2.8197,-60.6733,20,48,89.85199999999998,4.63
manadhoo,MV,2021-10-06 10:09:47,5.7667,73.3833,100,81,82.77799999999996,6.6
kawana waters,,,,,,,,
warman,CA,2021-10-06 10:09:48,52.3168,-106.5679,100,29,62.61799999999998,3.49
bargal,,,,,,,,
krasnaya gora,RU,2021-10-06 10:09:49,52.9995,31.6023,60,64,57.38000000000004,4.44
bara,NG,2021-10-06 10:09:49,10.3744,10.7288,83,32,95.59399999999997,0.45
tarut,SA,2021-10-06 10:09:50,26.5733,50.0369,6,55,90.08599999999997,4.1
